,instance,alg,nodes,first_primal,ttfs,first_primal_gap,primal,dual,time,mem,primal_integral,expanded/fails/iters,generated/branches/nodes,primal_intergal
1000,eil101-27.5,CP-RANK-ADD,101,3256.763,0.74,1.7163472214770845,2265.389,0.0,1800.01,0,0,3005435,6853756,0.9168982848759998
1001,random-10-0.00-0,CP-RANK-ADD,10,0,0,0,0,-inf,0.02,0,0,1,0,-1
1002,gr202-67.3,CP-RANK-ADD,202,3133.57,9.77,3.0179931237294593,1485.257,0.0,1800.04,0,0,451550,1227760,1.0380516295823805
1003,d657-322.7,CP-RANK-ADD,657,833161.2,105.59,8.650751699175732,604469.0,0.0,1800.57,0,0,15736,49722,6.547836467371757
1004,burma14-3.1,CP-RANK-ADD,14,52.66006,0.02,0.0,52.66006,52.65479,0.04,0,0,291,576,0.0
1005,vm1084-848.9,CP-RANK-ADD,1084,6884769.0,203.25,18.154374117908937,6884769.0,0.0,1800.39,0,0,7398,39620,18.154374117908937
1006,lin318-99.3,CP-RANK-ADD,318,559806.1,97.5,4.901261265461726,247970.8,0.0,1800.06,0,0,129068,403763,2.118726351196864
1007,random-10-3.80-0,CP-RANK-ADD,10,571.4808,0.02,0.14747738249105535,498.0323,497.9825,0.05,0,0,1206,2431,1.6669679635013415e-06
1008,random-10-2.50-0,CP-RANK-ADD,10,0,0,0,0,19.10355,0.02,0,0,21,10,-1
1009,berlin52-13.2,CP-RANK-ADD,52,31639.78,0.17,1.072760663201453,22809.71,2092.852,1800.0,0,0,8818927,19210401,0.49999988076303453
1010,rat783-481.4,CP-RANK-ADD,783,127772.6,122.23,8.15392218219247,107583.5,0.0,1800.71,0,0,10948,39816,6.805746893186625
1011,ulysses22-5.5,CP-RANK-ADD,22,168.2404,0.03,0.17377378117654774,143.3329,143.3185,0.85,0,0,15277,30826,1.3698537538214273e-05
1012,random-10-1.30-0,CP-RANK-ADD,10,0,0,0,0,49.72895,0.01,0,0,17,2,-1
1013,fl417-160.6,CP-RANK-ADD,417,468428.9,91.3,19.203364949268934,247580.1,0.0,1800.21,0,0,29139,83285,11.150831535139405
1014,eil101-27.5,CP-RANK-DEL,101,2974.935,0.75,1.4812847669065665,2283.786,0.0,1800.0,0,0,2838025,6482235,0.9760855811573629
1015,random-10-0.00-0,CP-RANK-DEL,10,0,0,0,0,-inf,0,0,0,1,0,-1
1016,gr202-67.3,CP-RANK-DEL,202,3073.397,4.92,2.9408368131207374,1571.675,0.0,1800.02,0,0,466166,1226240,1.0744035342711327
1017,d657-322.7,CP-RANK-DEL,657,577297.0,93.13,5.687001271397484,561839.6,0.0,1800.45,0,0,17628,58303,5.654623781819796
1018,burma14-3.1,CP-RANK-DEL,14,52.66006,0.02,0.0,52.66006,52.65479,0.03,0,0,442,880,0.0
1019,vm1084-848.9,CP-RANK-DEL,1084,6875620.0,210.51,18.128920341783004,6875620.0,0.0,1801.74,0,0,5796,32809,18.128920341783004
1020,lin318-99.3,CP-RANK-DEL,318,588651.5,20.0,5.205338412364466,248784.8,0.0,1800.06,0,0,84806,266319,1.9684584513021106
1021,random-10-3.80-0,CP-RANK-DEL,10,554.2197,0.0,0.1128187870545745,498.0323,497.9825,0.02,0,0,951,1932,4.689588740864133e-07
1022,random-10-2.50-0,CP-RANK-DEL,10,0,0,0,0,19.10355,0.02,0,0,21,10,-1
1023,berlin52-13.2,CP-RANK-DEL,52,32380.85,0.16,1.1213090647604622,21520.42,3108.173,1800.0,0,0,9155552,20040961,0.4730054908569835
1024,rat783-481.4,CP-RANK-DEL,783,119379.0,118.86,7.552585422758517,89248.52,0.0,1800.48,0,0,7228,32594,6.19136832931955
1025,ulysses22-5.5,CP-RANK-DEL,22,176.8368,0.03,0.23374884621744216,143.3329,143.3185,0.91,0,0,16325,33113,1.5859334768531474e-05
1026,random-10-1.30-0,CP-RANK-DEL,10,0,0,0,0,49.72895,0.01,0,0,17,2,-1
1027,fl417-160.6,CP-RANK-DEL,417,505602.5,42.57,20.806664419643504,212553.0,0.0,1800.08,0,0,22931,68868,9.842821038359194
1028,eil101-27.5,CP-DEL,101,35350.0,155.67,28.484145539363762,30810.0,417.0,1800.02,0,0,23539,58622,25.85788488882859
1029,random-10-0.00-0,CP-DEL,10,0,0,0,0,0,0,0,0,0,0,-1
1030,gr202-67.3,CP-DEL,202,0,0,0,0,1.0,1800.07,0,0,1384,45675,-1
1031,d657-322.7,CP-DEL,657,0,0,0,0,179.0,1800.25,0,0,18,513288,-1
1032,burma14-3.1,CP-DEL,14,521.0,0.04,8.893646152321132,521.0,521.0,1.52,0,0,5603,9613,8.893646152321132
1033,vm1084-848.9,CP-DEL,1084,0,0,0,0,272.0,1802.56,0,0,1,3,-1
1034,lin318-99.3,CP-DEL,318,0,0,0,0,310.0,1800.16,0,0,534,105614,-1
1035,random-10-3.80-0,CP-DEL,10,4976.0,0.05,8.991319840098724,4976.0,4976.0,6.98,0,0,166866,117071,8.991319840098724
1036,random-10-2.50-0,CP-DEL,10,0,0,0,0,1252.0,0.16,0,0,2440,4866,-1
1037,berlin52-13.2,CP-DEL,52,210364.0,2.21,12.781202781868599,166473.0,22938.0,1800.01,0,0,1556404,3148050,10.195994715024929
1038,rat783-481.4,CP-DEL,783,0,0,0,0,10.0,1800.71,0,0,6,609893,-1
1039,ulysses22-5.5,CP-DEL,22,1421.0,1.34,8.913983460880232,1421.0,1421.0,31.0,0,0,140585,130018,8.913983460880232
1040,random-10-1.30-0,CP-DEL,10,0,0,0,0,0.0,0.01,0,0,1,0,-1
1041,fl417-160.6,CP-DEL,417,0,0,0,0,83.0,1800.11,0,0,145,189133,-1
1042,eil101-27.5,CP-ADD,101,0,0,0,0,417.0,1800.02,0,0,18527,50573,-1
1043,random-10-0.00-0,CP-ADD,10,0,0,0,0,0,0,0,0,0,0,-1
1044,gr202-67.3,CP-ADD,202,0,0,0,0,1.0,1800.05,0,0,905,45450,-1
1045,d657-322.7,CP-ADD,657,0,0,0,0,179.0,1800.51,0,0,1,51,-1
1046,burma14-3.1,CP-ADD,14,521.0,0.16,8.893646152321132,521.0,521.0,0.54,0,0,2412,4870,8.893646152321132
1047,vm1084-848.9,CP-ADD,1084,0,0,0,0,272.0,1802.2,0,0,1,2,-1
1048,lin318-99.3,CP-ADD,318,0,0,0,0,310.0,1800.17,0,0,141,106133,-1
1049,random-10-3.80-0,CP-ADD,10,5001.0,0.04,9.041517387526874,4763.0,4763.0,9.2,0,0,180334,158981,8.563647355580931
1050,random-10-2.50-0,CP-ADD,10,0,0,0,0,1252.0,0.8,0,0,2606,5222,-1
1051,berlin52-13.2,CP-ADD,52,0,0,0,0,9013.0,1800.0,0,0,91194,188014,-1
1052,rat783-481.4,CP-ADD,783,0,0,0,0,10.0,1800.63,0,0,3,610754,-1
1053,ulysses22-5.5,CP-ADD,22,4751.0,442.08,32.14661183859393,1421.0,1421.0,489.97,0,0,620882,658859,14.65600853366921
1054,random-10-1.30-0,CP-ADD,10,0,0,0,0,0.0,0.02,0,0,1,0,-1
1055,fl417-160.6,CP-ADD,417,0,0,0,0,83.0,1800.17,0,0,3,172740,-1
1056,random-20-5.00-0,CP-ADD,20,10044.0,0.56,14.644859813084112,6481.0,6481.0,228.53,0,0,1383374,1869108,9.112408566978193
1057,random-10-5.00-0,CP-ADD,10,4634.0,0.0,11.695890410958905,3684.0,3684.0,6.96,0,0,143007,112540,9.093150684931507
1058,random-40-2.00-0,CP-ADD,40,0,0,0,0,0,0,0,0,0,0,-1
1059,random-30-7.60-0,CP-ADD,30,15753.0,21.27,19.28984582167462,9321.0,973.0,1800.01,0,0,6421509,13070577,11.161710143932769
1060,random-20-10.00-0,CP-ADD,20,8792.0,0.1,19.073059360730593,4443.0,4443.0,1261.23,0,0,6536883,9731033,9.187390918315575
1061,random-30-2.60-0,CP-ADD,30,0,0,0,0,0.0,0.09,0,0,1,0,-1
1062,random-20-0.00-0,CP-ADD,20,0,0,0,0,0,0,0,0,0,0,-1
1063,random-20-7.60-0,CP-ADD,20,10102.0,0.22,17.917602996254683,5398.0,5398.0,787.15,0,0,4298426,6375723,9.296262505201831
1064,random-40-7.00-0,CP-ADD,40,0,0,0,0,1314.0,1800.0,0,0,232996,471117,-1
1065,random-30-0.00-0,CP-ADD,30,0,0,0,0,0,0,0,0,0,0,-1
1066,random-20-2.60-0,CP-ADD,20,0,0,0,0,1747.0,21.8,0,0,7060,14227,-1
1067,random-40-4.60-0,CP-ADD,40,0,0,0,0,2984.0,1800.0,0,0,24608,49577,-1
1068,random-30-10.00-0,CP-ADD,30,7320.0,0.31,10.144093761373835,6557.0,3090.0,1800.12,0,0,5487627,7785004,9.22659145515983
1069,random-30-5.00-0,CP-ADD,30,0,0,0,0,1803.0,1800.0,0,0,880574,1767150,-1
1070,random-60-14.00-0,CP-ADD,60,28682.0,445.99,24.862188098230472,15693.0,930.0,1800.01,0,0,1367130,2827828,16.148828416031687
1071,random-50-12.00-0,CP-ADD,50,0,0,0,0,125.0,1800.0,0,0,224846,457905,-1
1072,random-50-2.00-0,CP-ADD,50,0,0,0,0,0.0,0.52,0,0,1,0,-1
1073,random-60-4.00-0,CP-ADD,60,0,0,0,0,3152.0,1800.0,0,0,9097,18931,-1
1074,random-70-7.12-0,CP-ADD,70,0,0,0,0,2324.0,1800.0,0,0,91823,189004,-1
1075,random-50-4.60-0,CP-ADD,50,0,0,0,0,2477.0,1800.0,0,0,13654,27875,-1
1076,random-70-4.00-0,CP-ADD,70,0,0,0,0,3759.0,1800.0,0,0,16231,33723,-1
1077,random-60-9.00-0,CP-ADD,60,0,0,0,0,1252.0,1800.0,0,0,75221,156310,-1
1078,random-40-9.60-0,CP-ADD,40,19989.0,248.04,20.729798627645962,19989.0,1397.0,1800.0,0,0,11745341,23494972,20.729798627645966
1079,random-50-9.60-0,CP-ADD,50,0,0,0,0,589.0,1800.0,0,0,96145,197896,-1
1080,random-60-11.60-0,CP-ADD,60,0,0,0,0,326.0,1800.0,0,0,64007,135011,-1
1081,random-40-12.00-0,CP-ADD,40,20367.0,0.92,23.21759809750297,9948.0,943.0,1800.01,0,0,4206532,8623048,11.046896736689128
1082,random-50-7.00-0,CP-ADD,50,0,0,0,0,1418.0,1800.0,0,0,177096,359367,-1
1083,random-60-6.60-0,CP-ADD,60,0,0,0,0,2467.0,1800.0,0,0,69320,142356,-1
1084,random-100-6.00-0,CP-ADD,100,0,0,0,0,3844.0,1800.0,0,0,5550,14362,-1
1085,random-80-7.12-0,CP-ADD,80,0,0,0,0,2048.0,1800.0,0,0,95285,197453,-1
1086,random-90-20.00-0,CP-ADD,90,0,0,0,0,42.0,1800.01,0,0,79551,172304,-1
1087,random-80-4.00-0,CP-ADD,80,0,0,0,0,3424.0,1800.0,0,0,11080,23661,-1
1088,random-70-10.00-0,CP-ADD,70,0,0,0,0,1135.0,1800.0,0,0,40567,86987,-1
1089,random-80-10.00-0,CP-ADD,80,0,0,0,0,1330.0,1800.0,0,0,29927,66436,-1
1090,random-90-16.64-0,CP-ADD,90,0,0,0,0,64.0,1800.02,0,0,21285,52547,-1
1091,random-90-6.00-0,CP-ADD,90,0,0,0,0,3615.0,1800.0,0,0,7607,17596,-1
1092,random-70-16.00-0,CP-ADD,70,0,0,0,0,188.0,1800.0,0,0,106260,222975,-1
1093,random-90-13.00-0,CP-ADD,90,0,0,0,0,835.0,1800.0,0,0,9203,25777,-1
1094,random-80-13.12-0,CP-ADD,80,0,0,0,0,738.0,1800.0,0,0,52081,113914,-1
1095,random-90-9.64-0,CP-ADD,90,0,0,0,0,1915.0,1800.01,0,0,4209,13781,-1
1096,random-80-16.00-0,CP-ADD,80,0,0,0,0,164.0,1800.0,0,0,58053,127999,-1
1097,random-70-13.12-0,CP-ADD,70,0,0,0,0,374.0,1800.0,0,0,42278,91200,-1
1098,random-200-60.00-0,CP-ADD,200,0,0,0,0,10.0,1800.06,0,0,1149,46335,-1
1099,random-100-19.68-0,CP-ADD,100,0,0,0,0,108.0,1800.0,0,0,23282,59139,-1
1100,random-150-60.00-0,CP-ADD,150,23950.0,111.38,15.274552802480622,18776.0,327.0,1800.03,0,0,293807,627054,13.08105595930312
1101,random-150-32.80-0,CP-ADD,150,0,0,0,0,22.0,1800.03,0,0,4974,34678,-1
1102,random-200-20.96-0,CP-ADD,200,0,0,0,0,601.0,1800.04,0,0,621,38000,-1
1103,random-150-6.00-0,CP-ADD,150,0,0,0,0,4593.0,1800.0,0,0,905,6845,-1
1104,random-100-15.00-0,CP-ADD,100,0,0,0,0,757.0,1800.01,0,0,31547,75217,-1
1105,random-150-46.40-0,CP-ADD,150,27299.0,223.33,15.80256869407673,25119.0,465.0,1800.01,0,0,284923,611019,15.1780500403997
1106,random-200-8.00-0,CP-ADD,200,0,0,0,0,4787.0,1800.02,0,0,340,13406,-1
1107,random-100-10.68-0,CP-ADD,100,0,0,0,0,1956.0,1800.01,0,0,6938,21414,-1
1108,random-150-19.68-0,CP-ADD,150,0,0,0,0,415.0,1800.05,0,0,1365,24258,-1
1109,random-200-47.12-0,CP-ADD,200,0,0,0,0,10.0,1800.02,0,0,1387,45118,-1
1110,random-100-24.00-0,CP-ADD,100,25789.0,1390.13,15.877709228428706,24727.0,728.0,1800.01,0,0,477476,978711,15.827379171029726
1111,random-200-32.00-0,CP-ADD,200,0,0,0,0,103.0,1800.06,0,0,1131,42589,-1
1112,random-20-5.00-0,CP-DEL,20,900.0,0.96,0.40186915887850466,642.0,642.0,45.09,0,0,281659,439612,0.0006252163378331603
1113,random-10-5.00-0,CP-DEL,10,365.0,0.02,0.0,365.0,365.0,1.17,0,0,23709,20889,0.0
1114,random-40-2.00-0,CP-DEL,40,0,0,0,0,0,0,0,0,0,0,-1
1115,random-30-7.60-0,CP-DEL,30,1256.0,2.53,0.6177265506267583,847.0,326.0,1800.04,0,0,3014735,5330130,0.09231896304520164
1116,random-20-10.00-0,CP-DEL,20,816.0,0.04,0.863013698630137,438.0,438.0,458.09,0,0,2061316,3437828,0.0014051116184677827
1117,random-30-2.60-0,CP-DEL,30,0,0,0,0,0.0,0.08,0,0,1,0,-1
1118,random-20-0.00-0,CP-DEL,20,0,0,0,0,0,0,0,0,0,0,-1
1119,random-20-7.60-0,CP-DEL,20,1004.0,0.06,0.8801498127340824,534.0,534.0,246.44,0,0,1145374,1927601,0.003059758635039534
1120,random-40-7.00-0,CP-DEL,40,1927.0,1.03,0.5417168166358568,1343.0,439.0,1800.13,0,0,2021900,3191305,0.09265289751014001
1121,random-30-0.00-0,CP-DEL,30,0,0,0,0,0,0,0,0,0,0,-1
1122,random-20-2.60-0,CP-DEL,20,0,0,0,0,172.0,7.67,0,0,15082,30142,-1
1123,random-40-4.60-0,CP-DEL,40,0,0,0,0,2602.0,142.72,0,0,78131,122213,-1
1124,random-30-10.00-0,CP-DEL,30,1470.0,0.17,1.2379532553578603,675.0,302.0,1800.01,0,0,3014803,5372580,0.03243127920364231
1125,random-30-5.00-0,CP-DEL,30,1528.0,0.63,0.2214228617106315,1251.0,1251.0,235.32,0,0,618551,919504,0.0009313438138378187
1126,random-60-14.00-0,CP-DEL,60,2623.0,32.85,1.3651251440505727,1227.0,90.0,1800.01,0,0,919550,1899745,0.14352260833730945
1127,random-50-12.00-0,CP-DEL,50,1410.0,1.13,0.48464587628191236,1140.0,341.0,1800.2,0,0,1124550,1749997,0.2134374537738776
1128,random-50-2.00-0,CP-DEL,50,0,0,0,0,0.0,0.57,0,0,1,0,-1
1129,random-60-4.00-0,CP-DEL,60,0,0,0,0,302.0,1800.0,0,0,73804,147580,-1
1130,random-70-7.12-0,CP-DEL,70,0,0,0,0,222.0,1800.0,0,0,11217,23192,-1
1131,random-50-4.60-0,CP-DEL,50,0,0,0,0,236.0,1065.86,0,0,376543,753165,-1
1132,random-70-4.00-0,CP-DEL,70,0,0,0,0,362.0,1146.55,0,0,106771,213518,-1
1133,random-60-9.00-0,CP-DEL,60,2915.0,16.55,1.0218201344238864,1666.0,196.0,1800.01,0,0,756416,1553605,0.23387945114676148
1134,random-40-9.60-0,CP-DEL,40,1271.0,19.96,0.38168863153424476,994.0,352.0,1800.05,0,0,2097376,3979298,0.08678367459263367
1135,random-50-9.60-0,CP-DEL,50,1476.0,15.47,0.3550370473489756,1175.0,342.0,1800.13,0,0,1247795,2063377,0.09811489300828484
1136,random-60-11.60-0,CP-DEL,60,2736.0,123.59,1.2727808877622266,1357.0,105.0,1800.01,0,0,795278,1636335,0.24699649706368626
1137,random-40-12.00-0,CP-DEL,40,1881.0,0.38,1.2366230677764567,841.0,345.0,1800.12,0,0,2262323,3971723,0.023127196459241637
1138,random-50-7.00-0,CP-DEL,50,1597.0,8.49,0.1461624837240063,1479.0,395.0,1800.09,0,0,1254311,1748281,0.06394741863001525
1139,random-60-6.60-0,CP-DEL,60,0,0,0,0,238.0,1800.0,0,0,132569,265480,-1
1140,random-100-6.00-0,CP-DEL,100,0,0,0,0,367.0,1800.0,0,0,29240,58562,-1
1141,random-80-7.12-0,CP-DEL,80,0,0,0,0,197.0,1800.0,0,0,9423,19475,-1
1142,random-90-20.00-0,CP-DEL,90,4769.0,246.99,2.213742661577376,1653.0,83.0,1800.01,0,0,446919,941007,0.5896985893175146
1143,random-80-4.00-0,CP-DEL,80,0,0,0,0,329.0,1800.0,0,0,172959,345945,-1
1144,random-70-10.00-0,CP-DEL,70,2645.0,400.09,0.5249081914909631,1910.0,210.0,1800.01,0,0,401951,828300,0.21205947784551465
1145,random-80-10.00-0,CP-DEL,80,3681.0,135.71,0.9977157130247806,2078.0,202.0,1800.01,0,0,179478,370637,0.3812461905536516
1146,random-90-16.64-0,CP-DEL,90,4869.0,1695.38,1.935365981463359,4239.0,5.0,1800.0,0,0,16896,42241,1.9133229209267077
1147,random-90-6.00-0,CP-DEL,90,0,0,0,0,343.0,1800.0,0,0,95270,190668,-1
1148,random-70-16.00-0,CP-DEL,70,3819.0,5.63,1.8889065848678868,1382.0,113.0,1800.01,0,0,614162,1265240,0.14230691411339655
1149,random-90-13.00-0,CP-DEL,90,4429.0,42.06,1.3175635992940757,2226.0,173.0,1800.01,0,0,356125,728912,0.25924798981070574
1150,random-80-13.12-0,CP-DEL,80,2237.0,168.0,0.4387143001795614,1797.0,155.0,1800.01,0,0,865949,1777571,0.22180048922413662
1151,random-90-9.64-0,CP-DEL,90,0,0,0,0,181.0,1800.0,0,0,12213,25898,-1
1152,random-80-16.00-0,CP-DEL,80,3568.0,3.63,1.5864403648054,1605.0,99.0,1800.01,0,0,480900,1007409,0.2594329888621982
1153,random-70-13.12-0,CP-DEL,70,3853.0,522.88,1.699706170148424,1656.0,138.0,1800.01,0,0,192156,401773,1.1409431953788736
1154,random-200-60.00-0,CP-DEL,200,0,0,0,0,1.0,1800.09,0,0,1450,46227,-1
1155,random-100-19.68-0,CP-DEL,100,0,0,0,0,10.0,1800.01,0,0,11650,33664,-1
1156,random-150-60.00-0,CP-DEL,150,7515.0,544.58,4.106608113179202,1591.0,32.0,1800.03,0,0,60779,157723,1.399262737752318
1157,random-150-32.80-0,CP-DEL,150,7822.0,451.6,3.192019773438497,2317.0,61.0,1800.02,0,0,331059,689323,1.0240976894507328
1158,random-200-20.96-0,CP-DEL,200,0,0,0,0,56.0,1800.07,0,0,746,26227,-1
1159,random-150-6.00-0,CP-DEL,150,0,0,0,0,438.0,1800.0,0,0,18301,36640,-1
1160,random-100-15.00-0,CP-DEL,100,2748.0,848.19,0.40988456307847376,2386.0,163.0,1800.0,0,0,113845,239190,0.3187919539516741
1161,random-150-46.40-0,CP-DEL,150,7692.0,270.21,3.734435634815862,2022.0,46.0,1800.0,0,0,24234,78211,2.6722712167075744
1162,random-200-8.00-0,CP-DEL,200,0,0,0,0,448.0,1800.03,0,0,8369,16948,-1
1163,random-100-10.68-0,CP-DEL,100,3200.0,82.28,0.35250487726997287,3190.0,278.0,1800.05,0,0,975743,1954277,0.34847150109326425
1164,random-150-19.68-0,CP-DEL,150,0,0,0,0,41.0,1800.05,0,0,7017,31593,-1
1165,random-200-47.12-0,CP-DEL,200,2826.0,1263.69,0.2533463661210018,2826.0,1.0,1800.02,0,0,2424,47027,0.2533463661210018
1166,random-100-24.00-0,CP-DEL,100,2215.0,91.84,0.4496151824797232,1811.0,72.0,1800.01,0,0,213565,458338,0.21492663658207592
1167,random-200-32.00-0,CP-DEL,200,0,0,0,0,10.0,1800.04,0,0,3244,45313,-1
1168,random-20-5.00-0,CP-RANK-ADD,20,955.1539,0.04,0.4877786604361371,649.0636,648.9987,57.67,0,0,869386,1818490,0.011253072468847276
1169,random-10-5.00-0,CP-RANK-ADD,10,499.36,0.0,0.3681095890410959,368.9834,368.9465,0.27,0,0,10810,21879,0.010921334901065498
1170,random-40-2.00-0,CP-RANK-ADD,40,0,0,0,0,-inf,0.03,0,0,1,0,-1
1171,random-30-7.60-0,CP-RANK-ADD,30,1724.045,0.04,1.2205679705217434,913.5258,851.305,1800.0,0,0,20372206,43483030,0.21758869420099874
1172,random-20-10.00-0,CP-RANK-ADD,20,972.1416,0.02,1.2195013698630137,445.4195,73.1181,1800.01,0,0,35161915,73436612,0.03659904170852363
1173,random-30-2.60-0,CP-RANK-ADD,30,0,0,0,0,17.26182,0.06,0,0,14,6,-1
1174,random-20-0.00-0,CP-RANK-ADD,20,0,0,0,0,-inf,0.01,0,0,1,0,-1
1175,random-20-7.60-0,CP-RANK-ADD,20,910.1727,0.01,0.7044432584269662,540.6787,142.862,1800.01,0,0,28339223,59091472,0.02416772254785692
1176,random-40-7.00-0,CP-RANK-ADD,40,2150.415,0.08,0.7204623602729611,1407.787,456.9631,1800.0,0,0,12870323,27582249,0.1322739509322562
1177,random-30-0.00-0,CP-RANK-ADD,30,0,0,0,0,-inf,0.02,0,0,1,0,-1
1178,random-20-2.60-0,CP-RANK-ADD,20,0,0,0,0,10.29498,0.02,0,0,23,18,-1
1179,random-40-4.60-0,CP-RANK-ADD,40,0,0,0,0,10.99944,0.09,0,0,27,22,-1
1180,random-30-10.00-0,CP-RANK-ADD,30,1434.093,0.03,1.1832878216570886,779.5758,89.23778,1800.01,0,0,22294986,47933025,0.24332638494889458
1181,random-30-5.00-0,CP-RANK-ADD,30,1817.099,0.05,0.4525171862509991,1263.916,1263.79,210.17,0,0,1943244,4107417,0.011568894977351403
1182,random-60-14.00-0,CP-RANK-ADD,60,2980.482,0.17,1.6874620356805716,1699.712,0.0,1800.01,0,0,8002810,18031158,0.5398665148126895
1183,random-50-12.00-0,CP-RANK-ADD,50,2523.246,0.3,1.6568274955637095,1405.632,0.0,1800.01,0,0,9988857,22271824,0.521109585836479
1184,random-50-2.00-0,CP-RANK-ADD,50,0,0,0,0,4.242539,0.21,0,0,17,2,-1
1185,random-60-4.00-0,CP-RANK-ADD,60,0,0,0,0,1.414172,0.24,0,0,26,30,-1
1186,random-70-7.12-0,CP-RANK-ADD,70,0,0,0,0,5.098606,3.13,0,0,6630,13765,-1
1187,random-50-4.60-0,CP-RANK-ADD,50,0,0,0,0,4.242539,0.17,0,0,62,92,-1
1188,random-70-4.00-0,CP-RANK-ADD,70,0,0,0,0,5.098606,0.37,0,0,28,30,-1
1189,random-60-9.00-0,CP-RANK-ADD,60,2882.696,0.2,0.9994143445019552,1899.756,169.659,1800.01,0,0,6228715,13919409,0.39499008009494785
1190,random-40-9.60-0,CP-RANK-ADD,40,2063.714,0.07,1.2434383733580348,1144.529,179.0688,1800.0,0,0,13786024,30036414,0.27391556773100845
1191,random-50-9.60-0,CP-RANK-ADD,50,2574.144,0.13,1.3631846105766132,1438.947,74.30843,1800.0,0,0,9343933,20633949,0.32372596269726994
1192,random-60-11.60-0,CP-RANK-ADD,60,3163.926,0.17,1.6282567774466339,1798.869,85.49745,1800.01,0,0,6942065,15695710,0.609222678646702
1193,random-40-12.00-0,CP-RANK-ADD,40,2244.228,0.08,1.668523186682521,1052.94,60.31794,1800.01,0,0,16262855,35703783,0.28386340296604573
1194,random-50-7.00-0,CP-RANK-ADD,50,2539.612,0.13,0.8226725094648035,1678.375,659.5641,1800.01,0,0,8155830,17762356,0.23600065365931383
1195,random-60-6.60-0,CP-RANK-ADD,60,0,0,0,0,0.0,0.29,0,0,92,174,-1
1196,random-100-6.00-0,CP-RANK-ADD,100,0,0,0,0,9.899142,7.38,0,0,8429,17778,-1
1197,random-80-7.12-0,CP-RANK-ADD,80,0,0,0,0,2.236009,1.58,0,0,1195,2500,-1
1198,random-90-20.00-0,CP-RANK-ADD,90,4653.957,0.54,2.136217269038931,3086.678,0.0,1800.01,0,0,3517284,8260003,1.2161484258289732
1199,random-80-4.00-0,CP-RANK-ADD,80,0,0,0,0,2.236009,0.61,0,0,57,82,-1
1200,random-70-10.00-0,CP-RANK-ADD,70,4032.341,0.38,1.3247447341341632,2751.979,115.8105,1800.01,0,0,4763176,10645988,0.6594856447013564
1201,random-80-10.00-0,CP-RANK-ADD,80,3904.508,0.46,1.1190157520323174,2885.4,230.8414,1800.01,0,0,3493273,7855939,0.606181552403894
1202,random-90-16.64-0,CP-RANK-ADD,90,4773.313,0.48,1.877679317945535,3297.793,0.0,1800.01,0,0,3645923,8359929,1.0429614743464888
1203,random-90-6.00-0,CP-RANK-ADD,90,0,0,0,0,9.486418,0.71,0,0,94,164,-1
1204,random-70-16.00-0,CP-RANK-ADD,70,3808.407,0.31,1.8808934433508653,2281.438,0.0,1800.01,0,0,5932718,13591408,0.8172733837699001
1205,random-90-13.00-0,CP-RANK-ADD,90,4797.556,0.55,1.5104179614303201,3209.056,153.9704,1800.01,0,0,3413942,7686639,0.7745492487328393
1206,random-80-13.12-0,CP-RANK-ADD,80,4167.715,0.38,1.6804430798269383,2795.158,2.236009,1800.02,0,0,4416022,9840031,0.8198837160682174
1207,random-90-9.64-0,CP-RANK-ADD,90,4834.581,0.67,1.0815633500973707,3432.622,436.2012,1800.01,0,0,2571587,5823272,0.5092638705540966
1208,random-80-16.00-0,CP-RANK-ADD,80,4155.323,0.36,2.0121903408083717,2511.96,2.236009,1800.0,0,0,4987152,11245183,0.8784419632858512
1209,random-70-13.12-0,CP-RANK-ADD,70,3675.004,0.34,1.5749885736102098,2353.768,463.242,1800.0,0,0,5120157,11676546,0.7008577959739717
1210,random-200-60.00-0,CP-RANK-ADD,200,11324.19,6.8,4.7832343826484784,6213.557,0.0,1800.02,0,0,702502,1773078,2.4557922009830713
1211,random-100-19.68-0,CP-RANK-ADD,100,5895.647,1.72,2.5128636735425305,3412.719,0.0,1800.02,0,0,3041148,6986994,1.1968218098712116
1212,random-150-60.00-0,CP-RANK-ADD,150,7958.89,1.21,4.408241150485805,3245.574,0.0,1800.01,0,0,1943857,4675295,1.42253265331699
1213,random-150-32.80-0,CP-RANK-ADD,150,7789.289,4.44,3.1744890704457904,4785.267,0.0,1800.01,0,0,1463544,3533378,1.7005100337663503
1214,random-200-20.96-0,CP-RANK-ADD,200,10453.46,5.02,2.2735619052620444,7982.604,0.0,1800.03,0,0,495061,1303484,1.6410089439218423
1215,random-150-6.00-0,CP-RANK-ADD,150,0,0,0,0,6.999695,2.71,0,0,48,66,-1
1216,random-100-15.00-0,CP-RANK-ADD,100,5793.789,0.7,1.9725522826906356,3889.695,0.0,1800.01,0,0,2780839,6407336,1.0066169659781512
1217,random-150-46.40-0,CP-RANK-ADD,150,8300.652,3.16,4.10906170319885,4053.415,0.0,1800.01,0,0,1513583,3680620,1.5958645001042422
1218,random-200-8.00-0,CP-RANK-ADD,200,0,0,0,0,2.999996,8.13,0,0,187,347,-1
1219,random-100-10.68-0,CP-RANK-ADD,100,5826.315,0.85,1.4625373293785005,4003.475,173.4256,1800.01,0,0,2256120,5104956,0.7077544438254965
1220,random-150-19.68-0,CP-RANK-ADD,150,7826.006,2.09,2.142913640966251,5670.065,0.0,1800.02,0,0,1368326,3270004,1.3628240879626083
1221,random-200-47.12-0,CP-RANK-ADD,200,10786.27,18.67,3.783769394373665,6792.205,0.0,1800.03,0,0,525400,1450692,2.282961952500065
1222,random-100-24.00-0,CP-RANK-ADD,100,5515.343,0.57,2.609537223197862,3218.977,0.0,1800.01,0,0,3138594,7200606,1.1881941860127023
1223,random-200-32.00-0,CP-RANK-ADD,200,10308.95,4.29,3.0886382373955894,7752.936,0.0,1800.03,0,0,602850,1552112,2.1312073415486497
1224,random-20-5.00-0,CP-RANK-DEL,20,1015.782,0.02,0.5822149532710281,649.0636,648.9987,68.4,0,0,1105646,2324361,0.012189345179127651
1225,random-10-5.00-0,CP-RANK-DEL,10,541.8543,0.01,0.4845323287671232,368.9834,368.9465,0.27,0,0,10133,20476,0.01091937931506854
1226,random-40-2.00-0,CP-RANK-DEL,40,0,0,0,0,-inf,0.01,0,0,1,0,-1
1227,random-30-7.60-0,CP-RANK-DEL,30,1616.115,0.05,1.0815542550686015,888.8503,175.7086,1800.0,0,0,21662194,46306282,0.1528662593447272
1228,random-20-10.00-0,CP-RANK-DEL,20,882.013,0.02,1.0137283105022832,445.4195,73.1181,1800.0,0,0,39201130,81483703,0.033444011949517995
1229,random-30-2.60-0,CP-RANK-DEL,30,0,0,0,0,17.26182,0.05,0,0,14,6,-1
1230,random-20-0.00-0,CP-RANK-DEL,20,0,0,0,0,-inf,0.01,0,0,1,0,-1
1231,random-20-7.60-0,CP-RANK-DEL,20,895.8893,0.02,0.67769531835206,540.6787,232.9632,1800.0,0,0,32065186,66435050,0.030368716948605982
1232,random-40-7.00-0,CP-RANK-DEL,40,2089.154,0.07,0.6714498465708701,1464.351,456.9631,1800.0,0,0,13059919,28181456,0.19560321121678065
1233,random-30-0.00-0,CP-RANK-DEL,30,0,0,0,0,-inf,0.01,0,0,1,0,-1
1234,random-20-2.60-0,CP-RANK-DEL,20,0,0,0,0,10.29498,0.02,0,0,23,18,-1
1235,random-40-4.60-0,CP-RANK-DEL,40,0,0,0,0,10.99944,0.09,0,0,27,22,-1
1236,random-30-10.00-0,CP-RANK-DEL,30,1626.524,0.04,1.4762480821208763,743.5562,44.97022,1800.01,0,0,23872208,50889124,0.16747143878631743
1237,random-30-5.00-0,CP-RANK-DEL,30,1820.67,0.05,0.45537170263788973,1263.916,1263.79,253.92,0,0,2806416,5952430,0.011822716528998977
1238,random-60-14.00-0,CP-RANK-DEL,60,3176.026,0.17,1.8637815290729565,1575.329,0.0,1800.0,0,0,9104779,20262568,0.5184205659736013
1239,random-50-12.00-0,CP-RANK-DEL,50,2429.235,0.1,1.5578395214678664,1426.904,208.2049,1800.01,0,0,10881848,24074974,0.5552940821748702
1240,random-50-2.00-0,CP-RANK-DEL,50,0,0,0,0,4.242539,0.21,0,0,17,2,-1
1241,random-60-4.00-0,CP-RANK-DEL,60,0,0,0,0,1.414172,0.25,0,0,26,30,-1
1242,random-70-7.12-0,CP-RANK-DEL,70,0,0,0,0,5.098606,0.71,0,0,256,490,-1
1243,random-50-4.60-0,CP-RANK-DEL,50,0,0,0,0,4.242539,0.17,0,0,42,52,-1
1244,random-70-4.00-0,CP-RANK-DEL,70,0,0,0,0,5.098606,0.38,0,0,28,30,-1
1245,random-60-9.00-0,CP-RANK-DEL,60,3075.465,0.21,1.1331173446709977,2033.3,169.659,1800.0,0,0,6820941,15094721,0.44705393693381207
1246,random-40-9.60-0,CP-RANK-DEL,40,2043.8,0.08,1.2217901063176155,1162.446,535.3217,1800.01,0,0,15065053,32665573,0.3393887327994839
1247,random-50-9.60-0,CP-RANK-DEL,50,2554.578,0.13,1.3452221072782191,1539.518,74.30843,1800.01,0,0,11132865,24330391,0.49151549923854765
1248,random-60-11.60-0,CP-RANK-DEL,60,3229.667,0.18,1.6828674822501342,1917.912,758.7899,1800.01,0,0,7802213,17551106,0.610141352017084
1249,random-40-12.00-0,CP-RANK-DEL,40,2073.623,0.06,1.4656634958382877,1041.921,60.31794,1800.0,0,0,16525416,35988602,0.25209929510503376
1250,random-50-7.00-0,CP-RANK-DEL,50,2301.028,0.15,0.651441432434867,1676.828,535.0553,1800.01,0,0,9552669,20575446,0.23141947217572845
1251,random-60-6.60-0,CP-RANK-DEL,60,0,0,0,0,0.0,0.3,0,0,124,238,-1
1252,random-100-6.00-0,CP-RANK-DEL,100,0,0,0,0,9.899142,1.03,0,0,85,136,-1
1253,random-80-7.12-0,CP-RANK-DEL,80,0,0,0,0,2.236009,0.85,0,0,216,401,-1
1254,random-90-20.00-0,CP-RANK-DEL,90,4711.504,0.45,2.1749971492959643,2836.197,0.0,1800.01,0,0,3868575,9121472,1.0443499659337918
1255,random-80-4.00-0,CP-RANK-DEL,80,0,0,0,0,2.236009,0.59,0,0,55,78,-1
1256,random-70-10.00-0,CP-RANK-DEL,70,3749.888,0.36,1.1619035646025198,2607.077,115.8105,1800.01,0,0,4902822,10971917,0.5315285546144436
1257,random-80-10.00-0,CP-RANK-DEL,80,3974.224,0.46,1.1568513262374889,2837.308,117.4387,1800.01,0,0,3508672,8046001,0.5471104924069621
1258,random-90-16.64-0,CP-RANK-DEL,90,4795.232,0.46,1.8908935892430696,3112.081,0.0,1800.01,0,0,3778369,8754596,0.9303509705493958
1259,random-90-6.00-0,CP-RANK-DEL,90,0,0,0,0,9.486418,0.71,0,0,99,174,-1
1260,random-70-16.00-0,CP-RANK-DEL,70,3848.536,0.32,1.911249277952636,2363.333,0.0,1800.01,0,0,6795149,15460429,0.8265656673656366
1261,random-90-13.00-0,CP-RANK-DEL,90,4834.214,0.56,1.5295999994576228,3352.766,2321.231,1800.0,0,0,3335522,7500839,0.7947582556605619
1262,random-80-13.12-0,CP-RANK-DEL,80,4138.587,0.38,1.6617095661319765,2708.527,2.236009,1800.0,0,0,4076671,9391697,0.7961027121399629
1263,random-90-9.64-0,CP-RANK-DEL,90,4792.984,0.67,1.0636534649027696,3478.981,296.1969,1800.01,0,0,2609400,5983403,0.554124902312197
1264,random-80-16.00-0,CP-RANK-DEL,80,3840.255,0.34,1.7837977979668613,2394.461,1845.48,1800.01,0,0,5139214,11811701,0.8566516317244492
1265,random-70-13.12-0,CP-RANK-DEL,70,3928.36,0.33,1.7525091436709743,2386.722,0.0,1800.01,0,0,5634226,12808609,0.7371061072816307
1266,random-200-60.00-0,CP-RANK-DEL,200,11327.33,4.25,4.784837972482411,5630.113,0.0,1800.01,0,0,840175,2330619,2.2932970104723416
1267,random-100-19.68-0,CP-RANK-DEL,100,5626.98,0.62,2.3527810660560826,3590.158,0.0,1800.01,0,0,2891815,6877021,1.1646762985766832
1268,random-150-60.00-0,CP-RANK-DEL,150,7775.111,1.15,4.283359269922669,3495.437,0.0,1800.01,0,0,2050529,4928226,1.4674202849260272
1269,random-150-32.80-0,CP-RANK-DEL,150,8160.738,4.33,3.3735585607070995,4482.382,0.0,1800.01,0,0,1445890,3520188,1.4879153628324047
1270,random-200-20.96-0,CP-RANK-DEL,200,10761.14,4.96,2.369913689935351,7777.629,0.0,1800.04,0,0,546957,1444902,1.5433342096707734
1271,random-150-6.00-0,CP-RANK-DEL,150,0,0,0,0,6.999695,3.31,0,0,48,66,-1
1272,random-100-15.00-0,CP-RANK-DEL,100,5677.043,0.68,1.9126547633306794,3545.326,0.0,1800.01,0,0,2927431,6655309,0.9130280368551257
1273,random-150-46.40-0,CP-RANK-DEL,150,8086.37,5.3,3.977170863794324,4113.456,0.0,1800.01,0,0,1612035,3924176,1.670177011588598
1274,random-200-8.00-0,CP-RANK-DEL,200,0,0,0,0,2.999996,51.41,0,0,11077,24202,-1
1275,random-100-10.68-0,CP-RANK-DEL,100,5252.001,0.88,1.2197990524771172,3864.672,9.899142,1800.01,0,0,2263705,5197802,0.6689175134402594
1276,random-150-19.68-0,CP-RANK-DEL,150,7716.608,2.09,2.0989795491070797,5719.735,0.0,1800.02,0,0,1417922,3363906,1.36607451197403
1277,random-200-47.12-0,CP-RANK-DEL,200,10560.32,8.29,3.6835593407908482,6978.783,0.0,1800.03,0,0,726393,1891662,2.3072877330641384
1278,random-100-24.00-0,CP-RANK-DEL,100,6006.703,0.55,2.931109645799775,3155.913,0.0,1800.02,0,0,3668338,8368433,1.1254597135817186
1279,random-200-32.00-0,CP-RANK-DEL,200,10641.81,4.3,3.220654022097183,7007.787,0.0,1800.04,0,0,592087,1554623,1.913272821351254
0,burma14-3.1,DIDP-ADD,14,52.66006434063039,0.000230943,8.242737266595558e-08,52.66006434063039,52.66006434063039,0.000420695,0,0,112,117,8.24273726659556e-08
1,ulysses22-5.5,DIDP-ADD,22,160.4069672782029,0.000801747,0.11912175975092183,143.3329278328816,143.3329278328816,0.014441927,0,0,5699,6645,2.475212527098012e-07
2,berlin52-13.2,DIDP-ADD,52,21706.124776394376,0.001171033,0.421994766937466,15264.560236844338,8975.083972621223,1815.136078027,0,0,116000851,281311670,0.001676986348619502
3,eil101-27.5,DIDP-ADD,101,1594.7686923399604,0.001988978,0.33013839396243905,1198.9494473497575,206.64404622085874,1805.268191419,0,0,67644742,210193140,0.0014231971450080498
4,gr202-67.3,DIDP-ADD,202,1021.2949144772089,0.009713397,0.30954660137456363,779.8843610492427,22.546746159789315,1800.973884735,0,0,31449178,134306808,0.0029105142243142437
5,lin318-99.3,DIDP-ADD,318,122999.20930789925,0.027746386,0.29661050419265766,94862.11079593671,2195.0176387974625,1800.257961909,0,0,19121585,90124866,0.0014590768264679053
6,fl417-160.6,DIDP-ADD,417,32552.125197645546,0.061019655,0.40397500077882903,23185.687194991264,116.95523051490846,1800.115266104,0,0,11287220,57321637,0.0017625299174938577
7,d657-322.7,DIDP-ADD,657,90629.17288989895,0.277128547,0.04978441658358988,86331.22330472557,215.99483790127957,1800.020615455,0,0,3930052,24065667,0.0027636212388961394
8,rat783-481.4,DIDP-ADD,783,14539.804302809873,0.504213497,0.04166493545743617,13958.235328738287,17.88854381999832,1800.009091341,0,0,2532457,16898905,0.0010646470851339012
9,vm1084-848.9,DIDP-ADD,1084,380283.4233024046,1.468032081,0.05800077835195145,359435.86345444125,0.0,1800.004958822,0,0,1230790,8479721,0.0009140601253860425
10,burma14-3.1,DIDP-DEL,14,0,0,0,52.66006434063039,52.66006434063039,0.239911946,0,0,136599,160501,-1
11,ulysses22-5.5,DIDP-DEL,22,0,0,0,143.33292783288167,51.68956347530826,1834.706585653,0,0,215953183,313260686,-1
12,berlin52-13.2,DIDP-DEL,52,0,0,0,0,675.0675499078338,1837.120594579,0,0,84508430,266109543,-1
13,eil101-27.5,DIDP-DEL,101,0,0,0,0,27.586626286228913,1808.524229731,0,0,47485883,186767515,-1
14,gr202-67.3,DIDP-DEL,202,0,0,0,0,4.180529609692215,1801.768738482,0,0,24775297,112028541,-1
15,lin318-99.3,DIDP-DEL,318,0,0,0,0,364.40020203516895,1800.4290257,0,0,11179314,55289401,-1
16,fl417-160.6,DIDP-DEL,417,0,0,0,0,27.029298692361383,1800.186691672,0,0,7262479,38445101,-1
17,d657-322.7,DIDP-DEL,657,0,0,0,0,90.90770044391189,1800.018854609,0,0,2940239,18008125,-1
18,rat783-481.4,DIDP-DEL,783,0,0,0,17332.772914913847,11.40175425099138,1800.009432718,0,0,1914574,12940366,-1
19,vm1084-848.9,DIDP-DEL,1084,0,0,0,415617.9010626211,0.0,1800.003797556,0,0,1142318,7833083,-1
21,random-10-0.00-0,DIDP-ADD,10,0,0,0,0,0,1.508e-05,0,0,1,1,-1
27,random-10-3.80-0,DIDP-ADD,10,510.9983346221781,0.000333641,0.026034525516072122,498.0323801093303,498.0323801093303,0.003109171,0,0,1453,1661,1.6567730481567444e-07
28,random-10-2.50-0,DIDP-ADD,10,0,0,0,0,0,0.000124512,0,0,33,33,-1
32,random-10-1.30-0,DIDP-ADD,10,0,0,0,0,0,4.4767e-05,0,0,8,8,-1
34,random-60-14.00-0,DIDP-ADD,60,1456.3226910490791,0.000824263,0.31314731774745375,1109.0322246153048,337.89864028439894,1810.689876622,0,0,80045124,235811909,0.0025056998065628344
35,random-50-12.00-0,DIDP-ADD,50,1415.8507019092829,0.015948065,0.490806316326573,949.721426857122,416.2053096397296,1823.136028041,0,0,95568856,259091187,0.001263198755526057
36,random-50-2.00-0,DIDP-ADD,50,0,0,0,0,0,7.3913e-05,0,0,8,8,-1
37,random-60-4.00-0,DIDP-ADD,60,0,0,0,0,0,0.141526704,0,0,81,84,-1
38,random-70-7.12-0,DIDP-ADD,70,0,0,0,0,0,0.107608149,0,0,1034,1085,-1
39,random-50-4.60-0,DIDP-ADD,50,0,0,0,0,0,0.00065255,0,0,82,84,-1
40,random-70-4.00-0,DIDP-ADD,70,0,0,0,0,0,0.000835787,0,0,71,74,-1
41,random-60-9.00-0,DIDP-ADD,60,1738.201807308546,0.003185133,0.20560254261008803,1441.7701903194388,904.940729210334,1816.618231034,0,0,110382134,277157403,5.679243332215085e-05
42,random-40-9.60-0,DIDP-ADD,40,1224.041450815967,0.000416934,0.33064056421644766,919.8888743758898,489.7509105105625,1813.372453705,0,0,108418521,272090109,1.6223633716890619e-06
43,random-50-9.60-0,DIDP-ADD,50,1500.7758400061718,0.050407494,0.37778242748959473,1089.269111045841,622.0100439537382,1808.274319648,0,0,114157967,291027011,1.4489699817859354e-05
44,random-60-11.60-0,DIDP-ADD,60,1516.6460712534374,0.001662057,0.25986995769169613,1203.811601343523,507.5134828467934,1809.596028583,0,0,109397512,292126622,0.004301215971902943
45,random-40-12.00-0,DIDP-ADD,40,1288.9294216773449,0.000474555,0.5326152457518963,841.9588794445255,359.5176941429391,1813.995965413,0,0,112973266,312864613,0.0012631518105878819
46,random-50-7.00-0,DIDP-ADD,50,1478.4069821232158,0.043483516,0.06104860274593464,1393.3452042603712,1143.3044568932476,1832.733296413,0,0,138316527,328774944,1.1305991922749528e-05
47,random-60-6.60-0,DIDP-ADD,60,0,0,0,0,0,0.003565113,0,0,364,377,-1
48,random-100-6.00-0,DIDP-ADD,100,0,0,0,0,0,0.006244177,0,0,399,414,-1
49,random-80-7.12-0,DIDP-ADD,80,0,0,0,0,0,0.006693882,0,0,485,503,-1
50,random-90-20.00-0,DIDP-ADD,90,1917.356305871256,0.001686503,0.29207166232393705,1483.9396000858603,285.8783476370938,1805.004927275,0,0,65197162,214767856,0.008514367683251442
51,random-80-4.00-0,DIDP-ADD,80,0,0,0,0,0,0.001918949,0,0,158,163,-1
52,random-70-10.00-0,DIDP-ADD,70,2212.35845325082,0.001740152,0.2754795946602844,1734.5306522446303,877.460568399835,1809.783873806,0,0,95332190,253093421,3.7161879077739617e-05
53,random-80-10.00-0,DIDP-ADD,80,2605.247007758195,0.002143756,0.4138937472723007,1842.604518751332,890.5263901101202,1808.051742581,0,0,91459667,243006420,2.1776322046583285e-05
54,random-90-16.64-0,DIDP-ADD,90,2372.5444585743116,0.001696612,0.4303319558858981,1658.7369448128143,402.8494485808847,1805.409774535,0,0,68316171,214082770,0.0002058096585104554
55,random-90-6.00-0,DIDP-ADD,90,0,0,0,0,0,0.003859539,0,0,272,284,-1
56,random-70-16.00-0,DIDP-ADD,70,1603.1239402876804,0.001085818,0.21269319388751828,1321.9534407945032,317.2067218940211,1810.672675265,0,0,78414060,236896075,0.00017892589144357084
57,random-90-13.00-0,DIDP-ADD,90,2510.158438353938,0.002913602,0.31349104203882344,1911.058665811399,762.6848744041847,1803.007823836,0,0,79409411,223250900,0.0015010037618762683
58,random-80-13.12-0,DIDP-ADD,80,2309.6102570062635,0.002619868,0.48541318935909855,1554.8604748842818,527.9132504297061,1808.81761003,0,0,83442453,232842062,0.0020512113455588375
59,random-90-9.64-0,DIDP-ADD,90,2690.546658598078,0.004711634,0.15843406414427683,2322.572118582819,1268.8962101186228,1808.991315175,0,0,88755260,234688783,0.0008429569400026611
60,random-80-16.00-0,DIDP-ADD,80,1892.6310736476976,0.002781415,0.3719667613697833,1379.50213295115,345.96235713152464,1807.146609742,0,0,77764047,233681979,0.005742754891293212
61,random-70-13.12-0,DIDP-ADD,70,1977.469424324607,0.001035861,0.3855661578325963,1427.1923524878155,432.37041436317264,1805.945433333,0,0,94199953,264312155,1.7898794605159575e-05
62,random-200-60.00-0,DIDP-ADD,200,2535.8048660007717,0.01013797,0.29502895030399356,1958.1067013254954,84.24364942885394,1800.72743542,0,0,29034955,129387071,0.008776685057106187
63,random-100-19.68-0,DIDP-ADD,100,2251.591598282029,0.002218433,0.34158885924793403,1678.302247936244,285.1434756458112,1805.623098267,0,0,61620449,203645470,0.0009511485911557431
64,random-150-60.00-0,DIDP-ADD,150,1741.263423005343,0.006221052,0.18322686934148671,1471.622617879212,72.37482665702667,1801.413544965,0,0,33985188,152497878,0.0017136862480790812
65,random-150-32.80-0,DIDP-ADD,150,2477.3879661601018,0.004974148,0.32769871396340167,1865.9263130297734,160.94585635095783,1803.037077864,0,0,42995717,163175268,0.005710258805063214
66,random-200-20.96-0,DIDP-ADD,200,4459.806196581124,0.007842959,0.3966142951692144,3193.2984017185445,379.47287751915496,1801.226418204,0,0,38889778,127196899,0.003758686364010508
67,random-150-6.00-0,DIDP-ADD,150,0,0,0,0,0,0.004967886,0,0,204,204,-1
68,random-100-15.00-0,DIDP-ADD,100,2429.9566036986657,0.003830344,0.24670971779670497,1949.0957429874684,441.0184621747438,1802.890060111,0,0,72572501,216996616,0.00027345815890809005
69,random-150-46.40-0,DIDP-ADD,150,2167.141855537166,0.005533527,0.3338785265933603,1624.6920632809845,105.29851935069,1802.110937792,0,0,40910844,169446235,0.0011722834774089354
70,random-200-8.00-0,DIDP-ADD,200,0,0,0,0,0,0.019410716,0,0,558,584,-1
71,random-100-10.68-0,DIDP-ADD,100,2861.246078052437,0.008527375,0.20932789863609455,2365.980377430646,983.8666864984386,1804.120582215,0,0,90643261,240950676,0.0004993440632666736
72,random-150-19.68-0,DIDP-ADD,150,3208.6100423709904,0.008421874,0.2885735419458005,2490.048055406953,383.98821772883167,1801.550466924,0,0,53013801,168470446,0.0025271967354178393
73,random-200-47.12-0,DIDP-ADD,200,2758.474924809232,0.009255948,0.22339862811236902,2254.7637878795026,114.74849865634188,1800.917014496,0,0,32852177,138506238,0.0016049413743735447
74,random-100-24.00-0,DIDP-ADD,100,2131.494316317357,0.006100782,0.3949645698884327,1527.9917227487942,220.24675092726105,1803.953920354,0,0,62994309,219623983,2.501370218417466e-05
75,random-200-32.00-0,DIDP-ADD,200,3298.2491013566846,0.008370427,0.308120360682958,2521.3651591163202,164.13251363692956,1800.850143481,0,0,36662537,137271101,0.0010392347999875204
76,random-20-5.00-0,DIDP-DEL,20,0,0,0,649.063693694399,649.063693694399,1522.344762293,0,0,200648655,240114581,-1
77,random-10-5.00-0,DIDP-DEL,10,0,0,0,368.9834937415585,368.9834937415585,0.13477972,0,0,56252,68195,-1
78,random-40-2.00-0,DIDP-DEL,40,0,0,0,0,0,1.0859e-05,0,0,1,1,-1
79,random-30-7.60-0,DIDP-DEL,30,0,0,0,893.9364422640549,164.94139455080145,1820.373111947,0,0,106446034,289025388,-1
80,random-20-10.00-0,DIDP-DEL,20,0,0,0,445.41951125404034,241.37745141175645,1855.117619012,0,0,128846135,213835308,-1
81,random-30-2.60-0,DIDP-DEL,30,0,0,0,0,249.4350275544848,1882.197975055,0,0,138646739,315780763,-1
82,random-20-0.00-0,DIDP-DEL,20,0,0,0,0,0,1.034e-05,0,0,1,1,-1
83,random-20-7.60-0,DIDP-DEL,20,0,0,0,540.6787454301723,292.35084029499,1812.03957362,0,0,150257309,222894373,-1
84,random-40-7.00-0,DIDP-DEL,40,0,0,0,0,130.4303249340624,1828.940483854,0,0,116958368,345153829,-1
85,random-30-0.00-0,DIDP-DEL,30,0,0,0,0,0,8.778e-06,0,0,1,1,-1
86,random-20-2.60-0,DIDP-DEL,20,0,0,0,0,0,159.668914359,0,0,41594171,47825030,-1
87,random-40-4.60-0,DIDP-DEL,40,0,0,0,0,148.28326938906207,1850.726742997,0,0,110581262,333656271,-1
88,random-30-10.00-0,DIDP-DEL,30,0,0,0,669.6204000065476,158.0384653887612,1845.161084511,0,0,110194327,312304554,-1
89,random-30-5.00-0,DIDP-DEL,30,0,0,0,0,182.7576430835804,1830.547001143,0,0,141922115,333524597,-1
104,random-60-14.00-0,DIDP-DEL,60,0,0,0,0,63.60184788964891,1808.495073088,0,0,60629090,221350259,-1
105,random-50-12.00-0,DIDP-DEL,50,1195.3457396467286,947.927792198,0.2586277468777788,1195.3457396467286,72.82317646042367,1812.776915323,0,0,67892735,237925330,0.2586277468777788
106,random-50-2.00-0,DIDP-DEL,50,0,0,0,0,121.40791074639424,1821.23138711,0,0,83067362,262168941,-1
107,random-60-4.00-0,DIDP-DEL,60,0,0,0,0,84.92163911976377,1822.081379928,0,0,78527792,251423831,-1
108,random-70-7.12-0,DIDP-DEL,70,0,0,0,0,68.30449752453583,1817.316529993,0,0,60308148,220338623,-1
109,random-50-4.60-0,DIDP-DEL,50,0,0,0,0,95.76706310593998,1808.758907677,0,0,77844842,257009783,-1
110,random-70-4.00-0,DIDP-DEL,70,0,0,0,0,78.94422559666482,1808.001689692,0,0,69905269,253325768,-1
111,random-60-9.00-0,DIDP-DEL,60,0,0,0,0,66.29460233791272,1807.602926653,0,0,72908389,263521556,-1
112,random-40-9.60-0,DIDP-DEL,40,0,0,0,0,105.61534603071316,1816.436135587,0,0,80935969,272048807,-1
113,random-50-9.60-0,DIDP-DEL,50,0,0,0,0,80.22328395164652,1816.077712382,0,0,85880421,274035820,-1
114,random-60-11.60-0,DIDP-DEL,60,0,0,0,0,64.1239263337261,1810.292976102,0,0,70034467,258919071,-1
115,random-40-12.00-0,DIDP-DEL,40,1119.9607544645576,63.810747429,0.33170125382230387,1078.7570929857325,103.62008976523134,1807.756812365,0,0,87515593,298698605,0.2855735340972158
116,random-50-7.00-0,DIDP-DEL,50,0,0,0,0,83.68191427947993,1831.189564502,0,0,87309501,296076209,-1
117,random-60-6.60-0,DIDP-DEL,60,0,0,0,0,76.33353191204353,1810.406890726,0,0,86608219,280798529,-1
118,random-100-6.00-0,DIDP-DEL,100,0,0,0,0,49.76734947112152,1809.77742287,0,0,46771590,185545592,-1
119,random-80-7.12-0,DIDP-DEL,80,0,0,0,0,62.513005507514826,1814.334804809,0,0,59519921,215841423,-1
120,random-90-20.00-0,DIDP-DEL,90,0,0,0,0,48.9796325359869,1808.405326216,0,0,46465458,184759988,-1
121,random-80-4.00-0,DIDP-DEL,80,0,0,0,0,69.98493781049247,1807.359971896,0,0,58012531,214882076,-1
122,random-70-10.00-0,DIDP-DEL,70,0,0,0,0,64.16068928362414,1810.155700218,0,0,59992517,222478921,-1
123,random-80-10.00-0,DIDP-DEL,80,0,0,0,0,55.549762630532044,1806.751499625,0,0,57335680,211332845,-1
124,random-90-16.64-0,DIDP-DEL,90,0,0,0,0,49.223949519785755,1806.556842187,0,0,46476789,182781636,-1
125,random-90-6.00-0,DIDP-DEL,90,0,0,0,0,58.15566426943657,1805.118126656,0,0,62069784,215018686,-1
126,random-70-16.00-0,DIDP-DEL,70,0,0,0,0,61.50521978899129,1810.038875561,0,0,65067804,244042695,-1
127,random-90-13.00-0,DIDP-DEL,90,0,0,0,0,50.48326570572864,1804.499405125,0,0,51620089,203751355,-1
128,random-80-13.12-0,DIDP-DEL,80,0,0,0,0,58.92033027541545,1806.995557667,0,0,68889431,246844668,-1
129,random-90-9.64-0,DIDP-DEL,90,0,0,0,0,52.52350726124338,1806.449845866,0,0,57854327,221101292,-1
130,random-80-16.00-0,DIDP-DEL,80,0,0,0,0,53.188174150724905,1805.738878828,0,0,50672451,202231879,-1
131,random-70-13.12-0,DIDP-DEL,70,0,0,0,0,62.10602975805326,1804.257607442,0,0,63081189,232987280,-1
132,random-200-60.00-0,DIDP-DEL,200,0,0,0,0,20.263824354819736,1800.950433445,0,0,19310081,95440088,-1
133,random-100-19.68-0,DIDP-DEL,100,0,0,0,0,42.726394052571315,1802.644398176,0,0,46483770,179975840,-1
134,random-150-60.00-0,DIDP-DEL,150,2041.6433692245907,538.251529611,0.38734166247515844,2041.6433692245907,28.465381985731398,1801.911163684,0,0,24990234,120315451,0.3873416624751584
135,random-150-32.80-0,DIDP-DEL,150,0,0,0,0,28.617636775707595,1800.912841468,0,0,31049857,138769820,-1
136,random-200-20.96-0,DIDP-DEL,200,0,0,0,0,22.587811474220295,1800.803169247,0,0,23187639,100981752,-1
137,random-150-6.00-0,DIDP-DEL,150,0,0,0,0,36.66498253735932,1800.609056442,0,0,35285159,151097640,-1
138,random-100-15.00-0,DIDP-DEL,100,0,0,0,0,43.716132313506,1805.347746106,0,0,48448570,188948157,-1
139,random-150-46.40-0,DIDP-DEL,150,0,0,0,0,28.5227505763998,1801.168063943,0,0,27633646,131166824,-1
140,random-200-8.00-0,DIDP-DEL,200,0,0,0,0,26.675949717286613,1801.183690134,0,0,24917363,110973751,-1
141,random-100-10.68-0,DIDP-DEL,100,0,0,0,0,45.19082300284339,1805.634817779,0,0,47942623,191899891,-1
142,random-150-19.68-0,DIDP-DEL,150,0,0,0,0,29.899628056476814,1802.216780854,0,0,34058874,141809962,-1
143,random-200-47.12-0,DIDP-DEL,200,0,0,0,0,23.426102014988114,1800.517601904,0,0,24740378,111229947,-1
144,random-100-24.00-0,DIDP-DEL,100,0,0,0,0,42.536650562144516,1804.300639866,0,0,49380457,195490469,-1
145,random-200-32.00-0,DIDP-DEL,200,0,0,0,0,22.245165457218395,1801.182243853,0,0,24003432,105535813,-1
146,random-20-5.00-0,DIDP-ADD,20,781.2599910150383,0.000452407,0.2169158738551998,649.0636936943991,649.0636936943991,1.1178098,0,0,348041,426489,0.011002856853649379
147,random-10-5.00-0,DIDP-ADD,10,381.4128730944068,7.2499e-05,0.0449667756011145,368.98349374155856,368.98349374155856,0.018980066,0,0,8054,9992,0.010913682855286126
148,random-40-2.00-0,DIDP-ADD,40,0,0,0,0,0,8.797e-06,0,0,1,1,-1
149,random-30-7.60-0,DIDP-ADD,30,1063.9171063522933,0.000450704,0.3703240052644088,776.3982111274529,654.8313783082717,1870.836280261,0,0,142642618,302589467,1.1743069094955602e-05
150,random-20-10.00-0,DIDP-ADD,20,526.9243005192199,0.065175515,0.20302351716716863,445.41951125404023,445.41951125404023,910.277141903,0,0,88319143,115059242,0.016950881142142375
151,random-30-2.60-0,DIDP-ADD,30,0,0,0,0,0,0.000136527,0,0,17,17,-1
152,random-20-0.00-0,DIDP-ADD,20,0,0,0,0,0,2.2708e-05,0,0,1,1,-1
153,random-20-7.60-0,DIDP-ADD,20,746.2982416152364,0.000270902,0.3975622502157985,540.6787454301723,540.6787454301723,73.880516681,0,0,10780222,14085653,0.01250716001450007
154,random-40-7.00-0,DIDP-ADD,40,1579.6583654373812,0.001135518,0.2638224527941465,1249.9052868897547,1091.7493850055002,1835.405916822,0,0,138728416,293475071,1.532640460137807e-06
155,random-30-0.00-0,DIDP-ADD,30,0,0,0,0,0,1.5922e-05,0,0,1,1,-1
156,random-20-2.60-0,DIDP-ADD,20,0,0,0,0,0,0.000308787,0,0,72,75,-1
157,random-40-4.60-0,DIDP-ADD,40,0,0,0,0,0,0.000454875,0,0,66,70,-1
158,random-30-10.00-0,DIDP-ADD,30,869.0157061655449,0.000269819,0.32300444120427957,656.8501806195856,438.0334434071557,1838.0109112,0,0,115581032,296996781,8.00975601937528e-06
159,random-30-5.00-0,DIDP-ADD,30,1263.916504642033,0.002858731,0.010324943758619531,1263.916504642033,1263.916504642033,1.342493994,0,0,401755,507992,0.010324943758619531
161,random-10-0.00-0,DIDP-DEL,10,0,0,0,0,0,9.902e-06,0,0,1,1,-1
167,random-10-3.80-0,DIDP-DEL,10,0,0,0,498.03238010933023,498.03238010933023,0.059451294,0,0,31525,38075,-1
168,random-10-2.50-0,DIDP-DEL,10,0,0,0,0,0,0.01357391,0,0,8622,10400,-1
172,random-10-1.30-0,DIDP-DEL,10,0,0,0,0,0,0.000728797,0,0,437,492,-1
2000,ulysses22-5.5,MIP-DEL,22,441.0,90.0,2.076753487859382,143.333,143.3329278329,103.139,0,0,221491,766,0.760450201361074
2001,burma14-3.1,MIP-DEL,14,52.66006,0.0,0.0,52.6601,52.66006434063,0.973638,0,0,158,1,0.0
2002,berlin52-13.2,MIP-DEL,52,0,0,0,0,7148.820768398,1800.01,0,0,840659,25,1.0
2003,ulysses22-5.5,MIP-ADD,22,55.0,201.0,0.6162779096774014,143.333,143.3329278329,908.843,0,0,1382467,10713,0.18244312686216688
2004,burma14-3.1,MIP-ADD,14,1.0,1.0,0.9810102760991917,52.6601,52.66006434063,1.43905,0,0,1297,1,0.9810102760991917
2005,berlin52-13.2,MIP-ADD,52,6668.93192,1800.0,0.5631101180430287,0,6668.931919149,1800.03,0,0,360081,1,0.9992718501967385
2006,random-200-60.00-0,MIP-ADD,200,0,0,0,0,0,0,0,0,0,0,-1
2007,random-100-19.68-0,MIP-ADD,100,0,0,0,0,0,2.77441,0,0,0,0,-1
2008,random-150-60.00-0,MIP-ADD,150,0,0,0,0,0,0,0,0,0,0,-1
2009,random-150-32.80-0,MIP-ADD,150,0,0,0,0,0,0,0,0,0,0,-1
2010,random-200-20.96-0,MIP-ADD,200,0,0,0,0,0,0,0,0,0,0,-1
2011,random-150-6.00-0,MIP-ADD,150,0,0,0,0,0,0,0,0,0,0,-1
2012,random-100-15.00-0,MIP-ADD,100,0,0,0,0,0,3.20264,0,0,0,0,-1
2013,random-150-46.40-0,MIP-ADD,150,0,0,0,0,0,0,0,0,0,0,-1
2014,random-200-8.00-0,MIP-ADD,200,0,0,0,0,0,0,0,0,0,0,-1
2015,random-100-10.68-0,MIP-ADD,100,0,0,0,0,0,3.74394,0,0,0,0,-1
2016,random-150-19.68-0,MIP-ADD,150,0,0,0,0,0,0,0,0,0,0,-1
2017,random-200-47.12-0,MIP-ADD,200,0,0,0,0,0,0,0,0,0,0,-1
2018,random-100-24.00-0,MIP-ADD,100,0,0,0,0,0,2.44147,0,0,0,0,-1
2019,random-200-32.00-0,MIP-ADD,200,0,0,0,0,0,0,0,0,0,0,-1
2020,random-100-6.00-0,MIP-ADD,100,0,0,0,0,0,4.67368,0,0,0,0,-1
2021,random-80-7.12-0,MIP-ADD,80,0,0,0,0,0,22.8548,0,0,0,0,-1
2022,random-90-20.00-0,MIP-ADD,90,0,0,0,0,0,18.8723,0,0,0,0,-1
2023,random-80-4.00-0,MIP-ADD,80,0,0,0,0,0,31.3497,0,0,0,0,-1
2024,random-70-10.00-0,MIP-ADD,70,0,0,0,0,0,44.0014,0,0,0,0,-1
2025,random-80-10.00-0,MIP-ADD,80,0,0,0,0,0,22.2542,0,0,0,0,-1
2026,random-90-16.64-0,MIP-ADD,90,0,0,0,0,0,23.2026,0,0,0,0,-1
2027,random-90-6.00-0,MIP-ADD,90,0,0,0,0,0,2.92895,0,0,0,0,-1
2028,random-70-16.00-0,MIP-ADD,70,0,0,0,0,0.0,171.241,0,0,0,1,-1
2029,random-90-13.00-0,MIP-ADD,90,0,0,0,0,0,26.8557,0,0,0,0,-1
2030,random-80-13.12-0,MIP-ADD,80,0,0,0,0,0,16.5035,0,0,0,0,-1
2031,random-90-9.64-0,MIP-ADD,90,0,0,0,0,0,33.1873,0,0,0,0,-1
2032,random-80-16.00-0,MIP-ADD,80,0,0,0,0,0,14.1943,0,0,0,0,-1
2033,random-70-13.12-0,MIP-ADD,70,0,0,0,0,0,129.356,0,0,0,0,-1
2034,random-20-5.00-0,MIP-ADD,20,486.0,111.0,0.24299065420560748,649.064,649.0407843241,507.882,0,0,1561254,13804,0.08870280973520257
2035,random-10-5.00-0,MIP-ADD,10,493.98992,0.0,0.3533970410958904,368.983,368.9834937416,0.885819,0,0,5932,138,0.9780821917808219
2036,random-40-2.00-0,MIP-ADD,40,0,0,0,0,0,0,0,0,0,0,-1
2037,random-30-7.60-0,MIP-ADD,30,0,0,0,0,438.8412741256,1800.0,0,0,2114651,2347,1.0
2038,random-20-10.00-0,MIP-ADD,20,485.0,67.0,0.10730593607305935,445.42,415.1314714252,1800.0,0,0,5345351,25459,0.1427900378239478
2039,random-30-2.60-0,MIP-ADD,30,0,0,0,0,0,0,0,0,11325,1,-1
2040,random-20-0.00-0,MIP-ADD,20,0,0,0,0,0,0,0,0,0,0,-1
2041,random-20-7.60-0,MIP-ADD,20,160.0,149.0,0.700374531835206,576.235,446.96467519,1800.0,0,0,4034675,16390,0.18631914702455285
2042,random-40-7.00-0,MIP-ADD,40,0,0,0,0,515.9343230326,1800.0,0,0,2060426,546,1.0
2043,random-30-0.00-0,MIP-ADD,30,0,0,0,0,0,0,0,0,0,0,-1
2044,random-20-2.60-0,MIP-ADD,20,0,0,0,0,0,0,0,0,27346,1,-1
2045,random-40-4.60-0,MIP-ADD,40,0,0,0,0,0,0,0,0,297989,1,-1
2046,random-30-10.00-0,MIP-ADD,30,329.0,1782.0,0.49912474761038367,1202.28,399.8032487084,1800.02,0,0,2700611,2746,0.9977472647315838
2047,random-30-5.00-0,MIP-ADD,30,0,0,0,0,499.4223037779,1800.01,0,0,2405455,2249,1.0
2048,random-60-14.00-0,MIP-ADD,60,0,0,0,0,474.1848443916,1800.12,0,0,163025,1,1.0
2049,random-50-12.00-0,MIP-ADD,50,0,0,0,0,455.4678277859,1224.08,0,0,234972,1,1.0
2050,random-50-2.00-0,MIP-ADD,50,0,0,0,0,0,0,0,0,0,0,-1
2051,random-60-4.00-0,MIP-ADD,60,0,0,0,0,0.0,222.312,0,0,0,1,-1
2052,random-70-7.12-0,MIP-ADD,70,0,0,0,0,0,65.5363,0,0,0,0,-1
2053,random-50-4.60-0,MIP-ADD,50,0,0,0,0,556.7524041928,1800.06,0,0,268273,1,-1
2054,random-70-4.00-0,MIP-ADD,70,0,0,0,0,0,19.4744,0,0,0,0,-1
2055,random-60-9.00-0,MIP-ADD,60,0,0,0,0,484.8003164269,1800.01,0,0,141217,1,1.0
2056,random-40-9.60-0,MIP-ADD,40,0,0,0,0,491.1217875489,1800.03,0,0,1471142,1395,1.0
2057,random-50-9.60-0,MIP-ADD,50,0,0,0,0,482.4990243378,1404.18,0,0,253589,1,1.0
2058,random-60-11.60-0,MIP-ADD,60,0,0,0,0,473.1963539326,1409.27,0,0,110457,1,1.0
2059,random-40-12.00-0,MIP-ADD,40,0,0,0,0,481.0437651898,1800.0,0,0,1475515,2655,1.0
2060,random-50-7.00-0,MIP-ADD,50,0,0,0,0,513.5357617138,1800.05,0,0,384811,1,1.0
2061,random-60-6.60-0,MIP-ADD,60,0,0,0,0,0.0,136.133,0,0,0,1,-1
2062,random-200-60.00-0,MIP-DEL,200,0,0,0,0,0,0,0,0,0,0,-1
2063,random-100-19.68-0,MIP-DEL,100,0,0,0,0,0,2.94401,0,0,0,0,-1
2064,random-150-60.00-0,MIP-DEL,150,0,0,0,0,0,0,0,0,0,0,-1
2065,random-150-32.80-0,MIP-DEL,150,0,0,0,0,0,0,0,0,0,0,-1
2066,random-200-20.96-0,MIP-DEL,200,0,0,0,0,0,0,0,0,0,0,-1
2067,random-150-6.00-0,MIP-DEL,150,0,0,0,0,0,0,0,0,0,0,-1
2068,random-100-15.00-0,MIP-DEL,100,0,0,0,0,0,3.40379,0,0,0,0,-1
2069,random-150-46.40-0,MIP-DEL,150,0,0,0,0,0,0,0,0,0,0,-1
2070,random-200-8.00-0,MIP-DEL,200,0,0,0,0,0,0,0,0,0,0,-1
2071,random-100-10.68-0,MIP-DEL,100,0,0,0,0,0,3.97392,0,0,0,0,-1
2072,random-150-19.68-0,MIP-DEL,150,0,0,0,0,0,0,0,0,0,0,-1
2073,random-200-47.12-0,MIP-DEL,200,0,0,0,0,0,0,0,0,0,0,-1
2074,random-100-24.00-0,MIP-DEL,100,0,0,0,0,0,2.5886,0,0,0,0,-1
2075,random-200-32.00-0,MIP-DEL,200,0,0,0,0,0,0,0,0,0,0,-1
2076,random-100-6.00-0,MIP-DEL,100,0,0,0,0,0,4.9749,0,0,0,0,-1
2077,random-80-7.12-0,MIP-DEL,80,0,0,0,0,0,27.7837,0,0,0,0,-1
2078,random-90-20.00-0,MIP-DEL,90,0,0,0,0,0,27.7165,0,0,0,0,-1
2079,random-80-4.00-0,MIP-DEL,80,0,0,0,0,0,33.2716,0,0,0,0,-1
2080,random-70-10.00-0,MIP-DEL,70,0,0,0,0,0,52.484,0,0,0,0,-1
2081,random-80-10.00-0,MIP-DEL,80,0,0,0,0,0,24.0842,0,0,0,0,-1
2082,random-90-16.64-0,MIP-DEL,90,0,0,0,0,0,30.5891,0,0,0,0,-1
2083,random-90-6.00-0,MIP-DEL,90,0,0,0,0,0,3.11962,0,0,0,0,-1
2084,random-70-16.00-0,MIP-DEL,70,0,0,0,0,547.571021307,1800.02,0,0,180393,3,1.0
2085,random-90-13.00-0,MIP-DEL,90,0,0,0,0,0,34.713,0,0,0,0,-1
2086,random-80-13.12-0,MIP-DEL,80,0,0,0,0,0,21.2644,0,0,0,0,-1
2087,random-90-9.64-0,MIP-DEL,90,0,0,0,0,0,39.7311,0,0,0,0,-1
2088,random-80-16.00-0,MIP-DEL,80,0,0,0,0,0,18.9574,0,0,0,0,-1
2089,random-70-13.12-0,MIP-DEL,70,0,0,0,0,0,184.55,0,0,0,0,-1
2090,random-20-5.00-0,MIP-DEL,20,725.0,187.0,0.1292834890965732,649.064,649.0636936944,578.747,0,0,2134375,14654,0.11611062601566281
2091,random-10-5.00-0,MIP-DEL,10,479.55434,0.0,0.3138475068493151,368.983,368.9834937416,2.51565,0,0,26885,878,0.9807534246575342
2092,random-40-2.00-0,MIP-DEL,40,0,0,0,0,0,0,0,0,0,0,-1
2093,random-30-7.60-0,MIP-DEL,30,0,0,0,0,454.4270139505,1800.0,0,0,1660382,903,1.0
2094,random-20-10.00-0,MIP-DEL,20,164.0,153.0,0.6255707762557078,473.395,414.6709344032,1800.0,0,0,5516391,21129,0.20529326126801103
2095,random-30-2.60-0,MIP-DEL,30,0,0,0,0,0,0,0,0,0,0,-1
2096,random-20-0.00-0,MIP-DEL,20,0,0,0,0,0,0,0,0,0,0,-1
2097,random-20-7.60-0,MIP-DEL,20,189.0,162.0,0.6460674157303371,595.105,474.0620082896,1800.0,0,0,4031536,18278,0.20496353233458134
2098,random-40-7.00-0,MIP-DEL,40,0,0,0,0,523.1741613362,1800.0,0,0,2618743,333,1.0
2099,random-30-0.00-0,MIP-DEL,30,0,0,0,0,0,0,0,0,0,0,-1
2100,random-20-2.60-0,MIP-DEL,20,0,0,0,0,0,0,0,0,0,0,-1
2101,random-40-4.60-0,MIP-DEL,40,0,0,0,0,0,0,0,0,0,0,-1
2102,random-30-10.00-0,MIP-DEL,30,0,0,0,0,416.9099487982,1800.01,0,0,1892541,896,1.0
2103,random-30-5.00-0,MIP-DEL,30,89.0,589.0,0.9288569144684252,1270.82,1176.760319162,1800.02,0,0,3406905,25888,0.3523524951683104
2104,random-60-14.00-0,MIP-DEL,60,0,0,0,0,492.2545356915,1800.01,0,0,286015,17,1.0
2105,random-50-12.00-0,MIP-DEL,50,0,0,0,0,456.4784983666,1800.01,0,0,1311484,103,1.0
2106,random-50-2.00-0,MIP-DEL,50,0,0,0,0,0,0,0,0,0,0,-1
2107,random-60-4.00-0,MIP-DEL,60,0,0,0,0,542.6717076682,1800.01,0,0,214484,3,-1
2108,random-70-7.12-0,MIP-DEL,70,0,0,0,0,0,78.8552,0,0,0,0,-1
2109,random-50-4.60-0,MIP-DEL,50,0,0,0,0,0,0,0,0,64323,1,-1
2110,random-70-4.00-0,MIP-DEL,70,0,0,0,0,0,20.7196,0,0,0,0,-1
2111,random-60-9.00-0,MIP-DEL,60,0,0,0,0,512.8256298441,1800.02,0,0,428621,21,1.0
2112,random-40-9.60-0,MIP-DEL,40,0,0,0,0,498.0931464085,1800.0,0,0,2154650,388,1.0
2113,random-50-9.60-0,MIP-DEL,50,0,0,0,0,456.5583914662,1800.0,0,0,1337953,89,1.0
2114,random-60-11.60-0,MIP-DEL,60,0,0,0,0,503.3448162903,1800.0,0,0,387204,52,1.0
2115,random-40-12.00-0,MIP-DEL,40,0,0,0,0,465.1697259344,1800.0,0,0,1765225,971,1.0
2116,random-50-7.00-0,MIP-DEL,50,0,0,0,0,494.7755132355,1800.0,0,0,1015742,68,1.0
2117,random-60-6.60-0,MIP-DEL,60,0,0,0,0,543.895880916,1800.0,0,0,190233,1,-1
